stick_pk,data_entry_pk
1,1
1,2
2,1
3,1
4,1
5,1
6,1
7,1
7,3
8,1
9,4
9,1
10,1
11,1
11,3
12,4
12,1
13,1
14,4
14,1
14,5
15,4
16,4
16,1
17,4
17,3
17,1
18,4
18,1
19,4
19,1
20,4
20,1
21,3
21,6
22,3
23,3
24,3
24,6
24,1
25,3
25,1
26,3
27,3
27,6
28,3
28,1
29,3
29,6
30,3
30,6
31,3
31,6
31,1
32,3
32,1
33,3
34,3
35,3
35,1
36,3
36,6
37,3
37,6
38,3
38,6
39,3
40,3
40,6
41,3
41,6
42,3
42,1
43,3
43,1
44,3
44,1
45,3
46,3
46,1
47,3
47,1
48,3
48,6
49,4
49,1
50,4
50,1
51,4
51,1
52,4
52,1
53,4
53,1
54,4
54,1
55,4
55,1
56,4
56,1
56,6
57,4
58,4
59,4
60,4
60,1
61,4
61,1
62,4
62,1
63,4
63,3
64,4
64,1
65,4
65,1
66,4
66,1
67,4
67,1
68,4
68,1
69,4
69,1
70,4
70,1
71,4
71,1
72,4
72,3
72,1
72,6
73,3
73,1
73,6
74,4
74,3
74,6
75,4
75,6
76,4
77,4
77,3
78,4
78,1
79,4
79,3
80,4
80,1
81,3
81,1
82,1
82,6
83,4
84,4
84,1
85,4
85,1
86,1
87,4
88,4
89,3
90,4
91,4
91,3
91,6
92,4
92,1
93,4
94,4
95,4
96,4
97,4
98,4
98,1
99,4
99,1
100,4
100,6
101,4
101,1
102,4
102,3
102,1
103,4
104,4
104,1
105,4
105,1
106,1
107,1
108,1
111,1
113,1
114,1
114,6
115,4
115,1
116,4
116,6
117,4
118,4
119,4
119,6
120,4
120,6
121,4
121,6
122,4
122,1
123,4
124,4
124,6
125,4
125,6
126,4
126,6
127,4
127,6
128,4
129,4
130,4
131,4
132,4
133,4
134,4
135,4
136,4
137,4
138,4
138,1
139,4
139,1
140,4
141,4
141,6
142,4
142,6
143,4
143,6
144,4
144,1
145,4
146,4
146,6
147,3
147,6
148,4
148,6
149,4
149,6
150,4
150,1
151,4
151,1
152,4
153,4
154,4
154,1
155,4
156,4
157,4
158,4
159,4
160,4
161,4
162,4
163,4
164,1
165,1
166,1
167,1
168,1
169,1
170,1
171,1
172,1
172,6
173,1
173,6
174,4
174,6
175,4
175,1
175,6
176,4
176,1
176,6
177,4
178,4
178,1
178,6
179,4
179,1
179,6
180,4
180,1
181,4
181,1
181,6
182,4
182,1
182,6
183,4
183,1
184,4
184,6
185,4
185,6
186,4
186,1
186,6
187,4
187,6
188,4
188,1
188,6
189,4
189,6
190,4
190,6
191,4
191,6
192,4
192,6
193,4
193,6
194,4
194,6
195,4
195,6
196,4
196,6
197,4
197,6
198,4
199,4
199,1
199,6
200,4
200,6
201,4
201,6
202,4
202,6
203,4
203,1
203,6
204,4
204,6
205,4
205,6
206,4
206,6
207,4
207,6
208,4
209,4
210,4
210,6
211,4
211,6
212,4
212,6
213,4
213,6
214,4
214,1
214,6
215,4
215,1
215,6
216,4
216,6
217,4
217,1
217,6
218,4
218,6
219,4
219,1
219,6
220,4
220,6
221,4
221,1
221,6
222,4
222,1
222,6
223,4
223,6
224,4
225,4
225,1
225,6
226,4
226,6
227,4
227,6
228,4
228,6
229,4
229,6
230,4
230,6
231,4
231,6
232,4
232,3
232,1
232,6
233,4
233,6
234,1
235,1
236,1
237,1
238,1
239,1
240,1
241,1
242,1
243,1
244,1
245,1
246,1
247,1
248,1
249,1
250,4
250,1
251,4
251,1
251,6
252,4
252,1
253,4
254,4
254,1
255,4
256,4
256,1
257,4
258,4
259,4
260,4
261,4
262,4
263,4
264,4
265,4
266,4
267,4
267,6
268,4
268,6
269,4
269,6
270,4
270,6
271,4
272,4
272,6
273,4
273,6
274,4
274,6
275,4
276,4
276,1
276,6
277,4
278,4
278,6
279,4
279,6
280,4
280,6
281,4
281,6
282,4
282,6
283,4
283,1
283,6
284,4
284,6
285,4
285,6
286,4
286,6
287,4
287,6
288,4
288,6
289,4
290,4
291,4
291,6
292,4
292,6
293,4
293,6
294,4
294,6
295,4
295,6
296,4
296,6
297,4
297,6
298,4
299,4
300,4
301,4
302,4
303,4
304,4
305,4
305,6
306,4
307,4
308,4
309,4
309,1
309,2
310,4
310,6
311,4
311,2
312,4
312,2
313,4
313,6
314,4
314,6
315,4
315,6
316,4
316,6
317,4
317,1
317,2
318,4
318,6
319,4
319,1
319,6
320,4
320,6
321,4
321,6
322,4
322,6
323,4
323,1
323,2
324,4
324,2
325,4
325,6
326,4
326,6
327,4
327,6
328,4
328,1
328,2
328,6
329,4
329,6
330,4
330,1
330,2
331,4
331,1
331,2
332,4
332,1
332,2
333,4
333,1
333,2
334,4
334,1
334,2
335,4
335,1
336,4
336,1
336,2
337,4
337,6
337,1
338,4
338,1
339,4
339,6
340,4
340,1
340,2
341,4
341,6
342,4
342,6
343,4
343,6
344,4
344,6
345,4
345,6
346,4
346,1
346,6
347,4
347,6
348,4
348,6
349,4
349,1
349,6
350,4
350,6
351,4
351,6
352,4
352,6
353,4
353,1
353,6
354,4
354,6
355,4
355,6
356,4
356,6
357,4
357,6
358,4
358,6
359,4
359,6
360,4
360,6
361,4
361,6
362,4
362,6
363,4
363,6
364,4
364,6
365,4
365,6
366,4
366,6
367,4
367,6
368,4
368,6
369,4
369,6
370,4
370,6
371,4
371,6
372,4
372,6
373,4
373,6
374,4
374,6
375,4
375,6
376,4
376,6
377,4
377,6
378,4
378,6
379,4
379,6
380,4
380,6
381,4
381,6
382,4
382,6
383,4
383,6
384,4
384,6
385,4
385,6
386,4
386,6
387,4
387,6
388,4
388,6
389,4
389,6
390,4
390,6
391,4
391,6
392,4
392,6
392,1
393,4
393,6
393,1
394,4
394,6
395,4
395,6
396,2
396,6
397,4
397,6
398,4
398,6
399,4
399,6
400,4
400,6
401,4
401,1
401,2
402,4
402,1
402,2
402,6
403,4
403,1
403,2
403,6
404,4
404,1
404,2
404,6
405,4
405,6
406,4
406,6
407,4
407,6
408,4
408,1
408,2
409,4
409,1
409,2
410,4
410,1
410,2
411,4
411,1
411,2
412,4
412,1
412,2
413,4
413,6
414,4
414,6
415,4
415,6
416,4
416,6
417,4
417,1
417,2
418,4
418,6
419,4
419,6
420,4
420,6
421,4
421,6
422,4
422,6
423,4
423,1
423,2
424,4
424,1
424,2
425,4
425,6
426,4
426,6
427,4
427,6
428,4
428,6
429,4
429,6
430,4
430,6
431,4
431,6
432,4
432,2
432,6
433,4
433,6
434,4
434,6
435,4
435,6
436,4
436,6
437,4
437,6
438,4
438,6
439,4
439,6
440,4
440,6
441,4
441,6
442,4
442,6
443,4
443,6
444,4
444,6
445,4
445,6
446,4
446,6
447,4
447,6
448,4
448,6
449,4
449,6
450,4
450,6
451,4
451,6
452,4
452,6
453,4
453,6
454,4
454,6
455,4
455,6
456,4
456,6
457,4
457,6
458,4
458,6
459,4
459,2
460,4
460,1
460,2
461,4
461,1
461,2
462,4
462,1
462,2
463,4
463,1
463,2
464,4
464,1
464,2
465,4
465,1
465,2
466,4
466,1
466,2
467,4
467,6
468,4
468,6
469,4
469,6
470,4
470,6
471,4
471,6
472,4
472,6
473,4
473,6
473,1
474,4
474,6
474,1
475,4
475,6
475,1
476,4
476,1
476,2
477,4
477,6
478,4
478,6
479,4
479,6
480,4
480,6
481,4
481,1
481,2
482,4
482,1
482,2
483,4
483,1
483,2
483,6
484,4
484,1
484,2
485,4
485,1
485,2
485,6
486,4
486,6
487,4
487,1
487,2
487,6
488,4
488,2
488,6
489,4
489,2
489,6
490,4
490,1
490,2
490,6
491,4
491,1
491,2
491,6
492,4
492,1
492,2
492,6
493,4
493,2
493,6
494,4
494,1
494,2
494,6
495,4
495,2
495,6
496,4
496,1
496,2
496,6
496,3
497,4
497,1
497,2
497,6
498,4
498,1
498,2
498,6
499,4
499,1
499,2
500,4
500,1
500,2
501,4
501,6
502,4
502,6
503,4
503,1
503,2
504,4
504,6
505,4
505,6
506,4
506,6
507,4
507,1
507,2
508,4
508,1
508,2
509,4
509,1
509,2
510,4
510,1
510,2
511,4
511,1
511,2
512,4
512,1
512,2
513,4
513,1
513,2
513,6
514,4
514,6
515,4
515,6
516,4
516,6
517,4
517,6
518,4
518,6
519,4
519,6
520,4
520,1
520,2
520,6
521,4
521,6
522,4
522,1
522,2
523,4
523,1
523,2
524,4
524,1
524,2
524,6
525,4
525,2
526,4
526,1
526,2
527,4
527,1
527,2
528,4
528,1
528,2
528,6
529,4
529,1
529,2
530,4
530,1
530,2
531,4
531,2
531,6
532,4
532,2
532,6
533,4
533,1
533,2
534,4
534,2
535,4
535,1
535,2
536,4
536,1
536,2
537,4
537,6
538,4
538,1
538,2
539,4
539,1
539,2
540,4
540,6
541,4
541,6
542,4
542,6
543,4
543,6
544,4
544,6
545,4
545,6
546,4
547,4
547,6
548,4
548,1
548,2
549,4
549,1
549,2
550,4
550,2
551,4
551,2
552,4
552,2
553,4
553,1
553,2
553,6
554,4
554,6
555,4
555,6
556,4
556,6
557,4
557,6
558,4
558,1
558,2
559,4
559,6
560,4
560,1
560,2
561,4
561,1
561,2
562,4
563,4
563,2
564,4
564,6
565,4
565,1
565,2
565,6
566,4
566,1
566,2
567,4
567,1
567,2
568,4
568,1
568,2
569,4
569,6
570,4
570,6
571,4
571,6
572,4
572,6
573,4
573,1
573,2
574,4
575,4
576,4
577,4
577,6
578,4
578,1
578,6
579,4
579,2
579,1
579,6
580,4
580,6
581,4
581,6
582,4
583,4
584,4
585,4
586,4
587,4
588,4
589,4
590,3
590,1
591,3
591,1
591,6
592,4
593,4
593,1
593,6
594,1
595,1
596,1
597,1
598,1
599,1
599,6
600,1
601,1
602,4
602,1
602,6
603,1
603,6
604,1
604,6
605,1
605,6
606,1
606,6
607,1
607,6
608,1
608,3
609,1
610,1
611,1
611,6
612,1
612,6
613,1
613,6
614,1
615,1
615,6
616,1
617,1
617,6
618,1
618,4
618,3
619,1
620,1
621,1
622,1
623,1
624,1
625,1
626,1
627,1
628,1
629,1
630,1
631,1
632,1
632,6
633,3
633,6
634,3
634,6
635,3
636,3
637,3
637,6
638,3
639,3
639,6
640,3
640,6
641,3
641,6
642,3
643,3
644,3
644,6
645,3
645,6
646,3
646,6
647,3
647,6
648,3
648,6
649,3
649,6
650,3
650,6
651,3
652,3
652,6
653,3
653,6
654,3
654,6
655,3
655,6
656,3
656,6
657,3
657,6
658,3
658,6
659,3
659,6
660,3
660,6
661,3
661,1
661,6
662,3
662,6
663,3
663,6
664,3
664,6
665,3
665,6
666,3
666,6
667,3
667,6
668,3
668,6
669,3
669,6
670,3
670,6
671,3
671,6
672,3
673,3
674,3
675,3
676,3
676,6
677,3
677,6
678,3
678,6
679,3
679,6
680,3
680,6
681,3
681,6
682,3
682,6
683,3
683,6
684,3
684,6
685,3
686,3
686,6
687,3
687,6
688,3
688,6
689,3
689,6
690,3
690,6
691,3
691,6
692,3
692,6
693,3
693,6
694,3
694,6
695,3
695,6
696,3
697,3
698,3
699,3
700,3
700,1
700,6
701,3
701,6
702,3
702,1
702,6
703,3
703,1
704,3
704,1
704,6
705,3
705,1
706,3
706,1
706,6
707,3
707,1
707,6
708,3
708,6
709,3
709,6
710,3
710,6
711,3
711,6
712,3
712,6
713,3
713,6
714,3
714,6
715,3
715,6
716,3
716,6
717,3
717,6
718,3
719,3
720,3
721,3
722,3
722,1
723,3
723,1
724,3
724,1
725,3
725,1
726,3
726,1
727,3
727,1
728,3
729,3
729,1
729,6
730,3
730,1
730,6
731,3
732,3
732,1
732,6
733,3
733,1
733,6
734,3
734,6
735,3
735,6
736,3
736,1
737,3
737,6
738,3
738,6
739,3
740,3
741,3
742,3
743,3
744,3
744,1
744,6
745,3
745,1
745,6
746,3
746,1
746,6
747,3
747,6
748,3
748,1
748,6
749,3
749,6
750,3
750,6
750,1
751,3
751,6
752,3
753,3
753,1
753,6
754,3
754,1
754,6
755,3
755,1
755,6
756,3
756,6
757,3
757,1
757,6
758,3
759,3
759,6
760,3
760,6
761,3
761,1
761,6
762,3
762,1
762,6
763,3
763,1
763,6
764,3
764,4
764,1
764,6
765,3
765,6
766,3
766,6
767,3
767,6
768,3
768,1
769,3
769,1
770,3
770,1
771,3
771,1
772,3
772,1
773,3
774,3
774,1
775,3
775,1
776,3
776,1
777,3
777,1
778,3
778,1
779,3
779,1
780,3
780,1
781,3
781,1
782,3
782,1
782,6
783,4
783,3
783,1
783,6
784,3
784,1
785,3
786,3
787,3
787,1
788,3
788,1
789,3
789,1
790,3
790,1
790,6
791,3
791,1
791,6
792,3
792,6
793,3
793,6
794,3
794,6
795,3
795,1
796,3
796,1
797,3
797,6
798,3
798,6
799,3
800,3
801,3
802,3
803,3
804,3
805,3
806,3
806,1
806,6
807,3
807,1
807,6
808,3
808,1
809,3
809,6
810,3
810,6
811,3
811,6
812,3
812,6
813,3
813,1
813,6
814,3
814,1
814,6
815,3
815,1
815,6
816,3
816,1
816,6
816,4
817,3
817,6
818,4
818,3
818,1
818,6
819,4
819,3
819,1
819,6
820,4
820,3
820,6
821,3
821,1
821,6
822,3
822,1
822,6
823,3
823,1
823,6
824,3
824,6
825,3
825,1
825,6
826,3
826,1
826,6
827,3
827,1
827,6
827,4
828,3
828,1
828,6
828,4
829,3
829,1
829,6
830,4
830,3
830,1
830,6
831,3
831,1
831,6
832,3
832,1
832,6
833,3
833,6
834,3
834,1
834,6
835,3
835,1
835,6
836,3
836,1
836,6
837,3
837,6
838,3
838,1
839,3
839,6
839,1
840,3
840,1
840,6
841,3
841,6
842,3
842,1
842,6
843,3
843,6
844,3
844,1
844,6
845,3
846,3
846,1
847,3
848,3
848,1
849,3
850,3
850,1
851,3
851,1
852,3
852,1
853,3
853,1
854,3
855,3
856,3
857,3
858,3
859,3
860,3
861,3
862,3
863,3
864,3
864,1
865,3
866,3
866,6
867,3
867,6
868,3
868,6
868,1
869,3
869,6
869,1
870,3
870,1
870,6
871,3
871,6
872,3
872,1
872,6
873,3
873,1
873,6
874,3
874,1
875,3
875,1
875,6
876,3
876,1
876,6
877,3
877,1
877,6
878,4
878,3
878,1
878,6
879,3
879,1
879,6
880,3
880,1
880,6
881,3
881,1
881,6
882,3
882,1
882,6
883,3
883,1
883,6
884,3
884,6
885,3
885,6
886,3
886,6
887,3
887,6
888,3
888,6
889,3
889,6
890,3
890,6
891,3
891,6
892,3
892,6
893,3
893,6
894,3
894,6
895,3
895,6
896,3
896,6
897,3
897,6
898,3
898,6
899,3
899,6
900,3
900,6
901,3
901,6
902,3
902,6
903,3
903,6
904,3
904,6
905,3
905,6
906,3
906,1
907,3
907,1
908,3
908,1
909,3
909,1
910,3
910,1
911,3
911,1
912,3
912,1
913,3
913,1
914,3
914,1
915,3
915,1
916,3
916,1
917,3
917,1
917,6
918,3
918,1
919,3
919,1
920,3
920,6
921,3
921,6
922,3
922,6
923,3
923,6
924,3
924,6
925,3
925,6
926,3
926,6
927,3
927,6
928,3
928,6
929,3
929,6
930,3
931,3
932,3
933,3
934,3
935,3
936,3
937,3
938,3
939,3
939,6
940,3
940,6
941,3
941,6
942,1
943,3
943,1
944,3
944,1
945,3
945,1
946,3
946,1
947,3
947,1
948,3
948,1
948,6
949,3
949,1
950,3
950,1
951,3
952,3
952,1
953,1
954,4
954,1
954,2
955,1
955,2
956,3
956,6
957,3
957,6
958,1
959,3
959,1
960,3
961,1
962,1
963,3
963,1
963,2
964,3
964,1
964,2
965,3
965,1
966,3
966,1
967,3
967,1
968,3
968,1
969,3
969,1
969,2
970,3
970,1
970,2
971,3
971,1
971,2
971,6
972,3
972,1
972,6
973,1
974,1
975,1
976,1
977,1
977,6
978,1
978,6
979,1
979,6
980,1
981,1
982,1
983,1
984,1
985,1
986,1
987,1
988,1
989,1
990,1
991,1
992,1
993,1
994,1
995,1
996,1
997,1
998,1
999,1
1000,1
1001,1
1001,6
1002,1
1002,6
1003,1
1003,6
1004,1
1004,6
1005,1
1005,6
1006,1
1006,6
1007,1
1008,1
1009,1
1009,6
1010,1
1010,3
1011,3
1011,1
1011,2
1012,3
1012,1
1013,3
1013,1
1014,3
1014,4
1014,1
1014,2
1015,3
1015,1
1016,3
1016,1
1017,3
1017,1
1018,3
1018,1
1019,3
1020,3
1020,1
1021,3
1021,1
1022,3
1022,1
1023,3
1023,1
1024,3
1024,1
1025,3
1025,1
1026,1
1027,1
1028,1
1028,6
1029,1
1030,1
1031,1
1032,1
1033,1
1034,1
1035,1
1036,1
1037,1
1038,1
1039,1
1040,1
1041,1
1042,1
1043,1
1044,1
1045,1
1046,1
1047,1
1048,1
1049,1
1050,1
1051,1
1052,1
1053,1
1054,1
1055,1
1056,1
1057,1
1058,1
1059,1
1060,1
1060,6
1061,1
1062,1
1063,1
1064,1
1065,1
1066,1
1067,1
1068,1
1069,1
1070,1
1071,1
1072,1
1073,1
1074,1
1075,1
1076,1
1077,1
1078,1
1079,1
1080,1
1081,1
1082,1
1083,1
1084,1
1085,1
1086,1
1087,1
1088,1
1089,1
1090,1
1091,1
1092,1
1093,1
1094,1
1095,1
1096,1
1097,1
1098,1
1099,1
1100,1
1101,1
1102,1
1103,1
1104,1
1105,1
1106,1
1107,1
1108,1
1109,1
1110,1
1111,1
1112,1
1113,1
1114,1
1115,1
1116,1
1117,1
1117,6
1118,1
1119,1
1120,1
1121,1
1122,1
1123,1
1124,1
1125,1
1126,1
1127,1
1128,1
1129,1
1130,1
1131,1
1131,6
1132,1
1133,1
1134,1
1134,3
1134,2
1134,6
1135,1
1136,1
1136,2
1136,6
1137,1
1137,6
1138,1
1139,1
1140,1
1140,6
1141,1
1142,1
1143,1
1144,1
1144,2
1144,6
1145,1
1145,6
1146,1
1146,2
1146,6
1147,1
1147,2
1147,6
1148,1
1148,2
1148,6
1149,1
1149,2
1150,1
1150,2
1150,6
1151,1
1151,2
1152,1
1152,2
1153,1
1153,2
1154,1
1154,2
1154,6
1155,1
1155,2
1155,6
1156,1
1156,2
1156,6
1157,1
1158,1
1158,2
1158,6
1159,1
1159,2
1159,6
1160,1
1160,2
1160,6
1161,1
1161,2
1161,6
1162,1
1162,2
1162,6
1163,1
1163,2
1163,6
1164,1
1165,1
1165,6
1166,1
1167,1
1168,1
1169,1
1169,2
1169,6
1170,1
1170,2
1170,6
1171,1
1171,2
1171,6
1172,1
1172,2
1172,6
1173,1
1173,2
1173,6
1174,1
1174,2
1174,6
1175,1
1175,2
1175,6
1176,1
1176,2
1176,6
1177,1
1177,2
1177,6
1178,1
1178,2
1178,6
1179,1
1179,2
1179,6
1180,1
1180,2
1180,6
1181,1
1181,2
1181,6
1182,1
1182,2
1183,1
1183,2
1184,1
1185,1
1185,6
1186,1
1186,6
1187,1
1187,2
1188,1
1188,2
1188,6
1189,1
1189,6
1190,1
1190,6
1191,1
1192,1
1193,1
1194,1
1195,1
1195,6
1196,1
1197,1
1198,1
1198,2
1199,1
1199,6
1200,1
1200,6
1201,1
1201,2
1202,1
1202,2
1203,1
1203,2
1204,1
1204,2
1205,1
1205,2
1206,1
1206,2
1207,1
1207,2
1208,1
1209,1
1209,2
1210,1
1210,2
1211,1
1212,1
1212,6
1213,1
1214,1
1215,1
1216,1
1216,2
1216,6
1217,1
1217,2
1218,1
1219,1
1220,1
1220,2
1221,1
1221,2
1221,6
1222,1
1222,2
1222,6
1223,1
1223,2
1223,6
1224,1
1225,1
1225,2
1226,1
1227,1
1228,1
1228,2
1229,1
1229,2
1230,1
1231,1
1232,1
1232,2
1233,1
1233,2
1234,1
1235,1
1236,1
1236,2
1237,1
1237,2
1238,1
1238,2
1239,1
1239,2
1240,1
1240,2
1241,1
1241,2
1241,6
1242,1
1242,2
1242,6
1243,1
1244,1
1245,1
1246,1
1247,1
1248,1
1249,1
1250,1
1251,1
1252,1
1253,1
1254,1
1255,1
1256,1
1257,1
1258,1
1258,6
1259,1
1260,1
1261,1
1262,1
1263,1
1264,1
1268,1
1269,1
1269,2
1270,1
1270,2
1271,1
1272,1
1273,1
1274,1
1275,1
1276,1
1277,1
1278,1
1279,1
1280,1
1281,1
1282,1
1283,1
1284,1
1285,1
1286,1
1287,1
1288,1
1289,1
1290,1
1291,1
1291,6
1292,2
1292,6
1293,2
1293,6
1294,2
1294,6
1295,2
1295,6
1296,2
1296,6
1297,2
1297,6
1298,2
1298,6
1299,2
1299,6
1300,1
1301,1
1301,6
1302,2
1302,6
1303,2
1303,6
1304,2
1304,6
1305,2
1305,6
1306,2
1306,6
1307,2
1307,6
1308,2
1308,6
1309,2
1310,2
1310,1
1311,2
1311,6
1312,2
1312,6
1313,4
1313,1
1313,2
1314,4
1314,2
1315,4
1315,2
1316,4
1316,2
1317,4
1317,2
1318,4
1318,1
1318,2
1319,4
1319,1
1319,2
1320,4
1320,1
1320,2
1321,4
1321,1
1321,2
1322,2
1322,6
1323,1
1324,1
1325,2
1326,2
1327,2
1327,6
1328,2
1329,2
1329,1
1330,2
1331,2
1332,2
1332,1
1333,1
1334,1
1335,1
1336,1
1337,1
1338,1
1338,6
1339,1
1339,6
1340,1
1340,6
1341,1
1341,6
1342,1
1342,6
1343,1
1343,6
1344,1
1345,1
1346,1
1347,1
1348,1
1349,1
1350,1
1351,1
1352,1
1353,1
1354,1
1354,6
1355,1
1356,1
1357,1
1358,1
1359,1
1360,1
1361,1
1362,1
1363,1
1364,1
1365,1
1366,1
1367,1
1368,1
1369,1
1370,1
1371,1
1372,6
1373,6
1374,6
1375,6
1376,6
1377,6
1378,6
1379,6
1380,1
1381,6
1382,6
1383,6
1384,6
1385,6
1386,6
1387,6
1388,6
1389,6
1390,6
1391,6
1392,6
1393,6
1394,6
1395,6
1396,6
1397,6
1398,6
1399,6
1400,6
1401,6
1402,6
1403,6
1404,6
1405,6
1406,6
1407,6
1408,6
1409,6
1409,1
1410,6
1411,6
1412,6
1413,6
1414,6
1415,6
1416,6
1417,6
1418,6
1419,6
1420,6
1421,6
1422,6
1423,6
1424,6
1425,6
1426,6
1427,6
1428,6
1429,6
1430,6
1431,6
1432,6
1433,6
1434,6
1435,6
1436,6
1437,6
1438,6
1439,6
1440,6
1441,6
1442,6
1443,6
1444,6
1445,1
1446,1
1447,6
1448,6
1449,6
1450,1
1451,6
1451,1
1452,6
1453,6
1454,6
1455,6
1456,6
1457,6
1458,6
1459,6
1460,6
1461,6
1462,6
1463,6
1464,6
1465,6
1466,6
1467,6
1468,6
1469,6
1470,6
1471,6
1472,6
1473,6
1474,6
1475,6
1476,6
1477,6
1478,6
1479,6
1480,6
1481,6
1482,6
1483,6
1484,6
1485,6
1486,6
1487,6
1488,6
1489,6
1490,6
1491,6
1492,6
1493,6
1494,6
1495,6
1496,6
1497,6
1498,6
1498,1
1499,6
1500,6
1501,6
1502,6
1503,6
1504,6
1505,6
1506,6
1507,6
1507,1
1508,6
1509,6
1510,6
1511,6
1512,6
1513,1
1514,1
1515,1
1516,1
1517,1
1518,1
1519,1
1520,1
1521,1
1522,1
1523,1
1523,6
1524,1
1524,6
1525,1
1525,6
1526,1
1526,6
1527,1
1528,1
1529,1
1530,1
1531,1
1532,1
1533,1
1534,1
1535,1
1535,6
1536,1
1537,1
1537,6
1538,1
1539,1
1540,1
1541,6
1542,6
1543,1
1544,1
1544,6
1545,6
1546,6
1547,6
1548,6
1549,6
1550,6
1551,6
1552,6
1553,6
1554,6
1555,6
1556,6
1557,6
1558,6
1559,6
1560,6
1561,6
1562,6
1563,6
1564,1
1565,1
1566,1
1567,6
1568,6
1569,6
1570,6
1571,6
1572,6
1573,6
1574,6
1575,6
1576,6
1577,6
1578,6
1579,6
1580,6
1581,6
1582,6
1583,6
1584,6
1585,6
1586,6
1587,6
1588,6
1589,6
1590,6
1591,6
1592,6
1593,6
1594,6
1595,6
1596,6
1597,6
1598,6
1599,6
1600,6
1601,6
1602,6
1603,6
1604,6
1605,6
1605,3
1605,1
1606,6
1606,3
1606,1
1607,6
1608,6
1609,6
1610,6
1611,6
1612,6
1613,6
1614,6
1615,6
1616,6
1617,6
1618,6
1619,6
1620,6
1621,6
1622,6
1623,6
1624,6
1624,1
1625,6
1626,6
1627,6
1628,6
1629,6
1630,6
1631,6
1632,6
1633,6
1634,6
1635,6
1636,6
1637,6
1638,6
1639,6
1640,6
1641,1
1642,1
1642,6
1643,1
1643,6
1644,1
1644,6
1645,1
1645,6
1646,1
1646,6
1647,1
1648,1
1648,6
1649,6
1650,6
1651,6
1652,6
1653,6
1654,6
1655,1
1656,6
1657,6
1658,6
1659,6
1660,6
1661,6
1662,6
1663,6
1664,6
1665,6
1666,6
1667,6
1668,6
1669,6
1670,6
1671,6
1672,6
1673,6
1674,6
1675,6
1676,6
1677,6
1678,6
1679,6
1680,6
1681,6
1682,6
1683,6
1684,1
1685,1
1686,6
1687,6
1688,6
1689,6
1690,6
1691,6
1692,6
1693,6
1694,6
1695,6
1696,6
1697,6
1698,6
1699,6
1700,6
1701,6
1702,6
1703,6
1704,6
1705,6
1706,6
1707,6
1708,6
1709,1
1710,1
1711,6
1712,6
1713,6
1714,6
1715,6
1716,6
1717,6
1718,6
1719,6
1720,6
1721,6
1722,6
1723,6
1724,6
1725,6
1726,6
1727,6
1728,6
1729,6
1730,6
1731,6
1732,6
1733,6
1734,6
1735,6
1736,6
1737,6
1738,6
1739,6
1740,6
1741,6
1742,6
1743,6
1744,6
1745,6
1746,6
1747,6
1748,1
1749,1
1750,1
1751,3
1751,6
1752,1
1753,1
1754,1
1755,1
1756,1
1757,1
1758,1
1759,1
1760,1
1761,1
1762,1
1763,1
1764,1
1765,1
1766,1
1767,1
1768,1
1769,1
1770,1
1771,1
1772,1
1773,1
1774,1
1775,7
1775,8
1775,9
1775,10
1776,1
1777,1
1778,1
1779,1
1780,6
1781,6
1782,6
1783,6
1784,6
1785,6
1786,6
1787,6
1788,6
1789,6
1790,6
1791,6
1792,6
1793,6
1794,6
1795,6
1796,6
1797,6
1798,6
1799,6
1800,6
1801,6
1801,1
1802,6
1803,6
1804,6
1805,6
1806,6
1807,6
1808,6
1809,6
1810,6
1811,6
1812,6
1813,6
1814,6
1815,6
1816,6
1817,6
1818,6
1819,6
1820,6
1821,6
1822,6
1823,6
1824,6
1825,6
1826,6
1827,6
1828,6
1829,6
1830,6
1831,6
1832,6
1833,6
1834,6
1835,6
1836,6
1837,6
1838,6
1839,6
1840,6
1841,6
1842,6
1843,6
1844,6
1845,6
1846,6
1847,6
1848,6
1849,6
1850,6
1851,6
1852,6
1853,6
1854,6
1855,6
1856,6
1857,6
1858,6
1859,6
1860,1
1861,1
1862,6
1863,6
1864,6
1865,6
1866,6
1867,6
1868,6
1869,6
1870,6
1871,6
1872,6
1873,6
1874,6
1875,6
1876,6
1877,6
1878,6
1879,6
1880,6
1881,6
1882,6
1883,6
1884,6
1885,6
1886,6
1887,6
1888,6
1889,1
1890,1
1891,1
1892,1
1894,1
1895,6
1896,6
1897,6
1898,6
1899,6
1900,6
1901,6
1902,6
1903,6
1904,6
1905,6
1906,6
1907,6
1908,6
1909,6
1910,6
1911,6
1912,6
1913,6
1914,6
1915,6
1916,6
1917,6
1918,6
1919,6
1920,6
1921,6
1922,6
1923,6
1924,6
1925,6
1926,6
1927,6
1928,6
1929,6
1930,6
1931,6
1932,6
1933,6
1934,6
1935,6
1936,6
1937,6
1938,6
1939,6
1940,6
1941,6
1942,6
1943,6
1944,6
1945,6
1946,6
1947,6
1948,6
1949,6
1950,6
1951,6
1952,6
1953,6
1954,6
1955,6
1956,6
1957,6
1958,6
1959,6
1960,6
1961,6
1962,6
1963,6
1964,6
1965,6
1966,6
1967,6
1968,6
1969,6
1971,6
1972,6
1973,6
1974,6
1975,6
1976,6
1977,6
1978,6
1979,6
1980,6
1981,6
1982,6
1983,6
1984,6
1985,6
1986,6
1987,6
1988,6
1989,6
1990,6
1991,6
1992,6
1993,6
1994,6
1995,6
1996,6
1997,6
1998,6
1999,6
2000,6
2001,6
2002,6
2003,6
2004,6
2005,6
2006,6
2007,6
2008,6
2009,6
2010,6
2011,6
2012,6
2013,6
2014,6
2015,6
2016,6
2017,6
2018,6
2019,6
2020,6
2021,6
2022,6
2023,6
2024,6
2025,6
2026,6
2027,6
2028,6
2029,6
2030,6
2031,6
2032,6
2033,6
2034,6
2035,6
2036,6
2037,6
2038,6
2039,6
2040,6
2041,6
2042,6
2043,6
2044,6
2045,6
2046,6
2047,6
2048,6
2049,6
2050,6
2051,6
2052,6
2053,6
2054,6
2055,6
2056,6
2057,6
2058,6
2059,6
2060,6
2061,6
2062,6
2063,6
2064,6
2065,6
2066,6
2067,6
2068,6
2069,6
2070,6
2071,1
2073,1
2074,1
2075,1
2076,1
2077,1
2078,1
2079,1
2080,1
2081,1
2082,1
2083,1
2084,1
2085,1
2086,1
2087,1
2088,1
2089,1
2090,1
2091,1
2092,1
2093,1
2094,1
2095,1
2096,1
2097,1
2098,1
2099,1
2100,1
2101,1
2102,1
2103,1
2104,1
2105,1
2106,1
2107,1
2108,1
2109,1
2110,1
2111,1
2112,1
2113,1
2114,1
2115,1
2116,1
2117,1
2118,1
2119,1
2120,1
2121,1
2122,1
2123,1
2124,1
2125,1
2126,1
2127,1
2128,1
2129,1
2130,1
2131,1
2132,1
2133,1
2134,1
2135,1
2136,1
2137,1
2138,1
2140,1
2141,1
2142,1
2143,1
2144,1
2145,1
2147,11
2147,12
2147,13
2147,14
2147,15
2147,16
2147,17
2147,18
2147,19
2147,20
2147,21
2147,22
2147,23
2147,24
2147,25
2147,26
2147,27
2147,28
2147,29
2147,30
2148,1
2149,1
2150,1
2151,1
2152,1
