stick_pk,linked_filenames_pk
1,1
1,2
1,3
1,4
1,5
1,6
1,7
1,8
1,9
2,10
2,11
2,12
2,13
2,14
2,15
2,16
3,17
3,18
3,19
3,20
3,21
3,22
3,23
3,24
3,25
4,26
4,27
4,28
4,29
4,30
4,31
4,32
5,33
5,34
5,35
5,36
5,37
6,38
6,39
6,40
7,41
7,42
7,43
7,44
7,45
7,46
7,47
7,48
7,49
7,50
8,51
8,52
8,53
8,54
8,55
8,56
8,57
9,58
9,59
9,60
10,61
10,62
10,63
10,64
10,65
10,66
10,67
11,68
11,69
11,64
11,70
11,71
11,72
11,73
11,74
11,75
11,76
11,77
11,78
12,79
12,80
13,81
13,82
13,83
13,84
14,85
14,86
14,87
14,88
14,89
14,90
14,91
14,92
14,93
14,94
14,95
14,96
14,97
14,98
14,99
14,100
14,101
15,85
15,102
15,103
15,104
15,105
15,106
15,107
15,108
15,94
15,95
15,109
15,110
15,111
15,112
15,113
15,114
16,85
16,115
16,116
16,117
16,118
16,119
16,120
16,121
17,85
17,122
17,123
17,124
17,125
17,94
17,95
18,85
18,126
18,127
18,128
18,129
19,85
19,130
19,131
19,132
19,133
19,134
19,135
19,136
19,94
19,95
19,137
20,85
20,138
20,139
20,119
21,140
22,141
23,142
24,143
25,144
25,145
25,146
25,147
26,148
27,149
28,150
28,151
28,152
28,153
28,154
28,155
28,156
28,157
28,158
29,159
30,160
31,161
31,162
31,163
32,164
32,165
32,166
32,167
32,168
32,169
32,170
33,171
33,172
33,173
33,174
33,175
34,176
34,177
35,178
35,179
36,180
37,181
38,182
39,183
40,184
40,185
40,186
40,187
40,188
40,189
40,190
41,191
42,192
42,193
43,194
43,195
43,196
43,197
43,198
44,199
44,200
45,201
45,202
46,203
47,204
47,205
47,206
47,207
47,208
48,209
49,210
49,211
50,212
50,211
51,213
51,214
51,215
51,216
51,217
51,218
52,219
52,215
52,220
53,215
53,221
54,222
54,215
54,223
54,224
55,225
55,226
55,215
56,215
56,227
57,228
57,229
57,230
57,231
58,232
58,229
58,233
59,234
59,235
60,236
60,237
60,238
60,239
60,240
60,241
61,242
61,243
61,244
61,229
61,245
61,246
62,247
62,248
62,249
62,250
62,229
63,251
63,252
63,253
63,254
63,255
63,256
63,257
63,258
63,259
64,260
64,261
65,262
65,263
65,264
65,265
66,262
66,263
66,266
66,267
67,262
67,268
67,263
67,269
67,270
67,271
67,272
68,262
68,263
68,273
68,274
69,262
69,263
69,275
69,276
70,262
70,263
70,277
70,278
71,262
71,263
71,279
71,280
71,281
72,282
72,283
72,284
72,285
72,286
72,287
73,288
73,289
73,282
73,290
73,291
73,287
74,282
74,292
74,293
74,294
74,295
75,282
75,296
76,229
76,297
76,298
76,299
77,64
77,300
77,301
77,302
77,303
78,304
79,305
79,306
79,307
79,229
79,308
79,309
79,310
79,311
79,312
79,313
79,314
79,25
80,64
80,315
81,316
81,317
82,318
82,319
83,320
83,321
83,322
84,323
84,324
85,325
85,326
85,327
85,328
85,329
86,330
86,331
87,332
87,75
88,333
88,75
89,334
89,75
90,335
90,75
91,75
91,335
92,335
93,336
94,337
95,338
96,339
97,340
98,341
98,342
99,343
99,344
100,345
101,346
101,347
102,348
102,349
102,350
102,351
102,352
102,353
102,354
103,355
103,356
103,348
103,349
103,357
103,358
104,359
104,356
104,348
104,349
104,360
104,361
105,348
105,356
105,362
105,349
105,363
105,364
105,365
105,366
106,367
107,368
107,369
108,368
108,370
109,371
110,372
111,373
112,374
113,375
113,376
113,377
113,378
113,379
114,380
114,381
115,382
115,383
115,384
115,385
115,386
115,387
115,388
115,389
115,390
116,391
116,392
116,393
116,394
117,395
117,396
117,397
117,398
117,399
117,400
117,401
118,402
118,403
118,404
119,405
119,406
119,407
119,408
119,409
120,410
120,411
120,412
120,413
120,414
121,415
121,416
121,417
121,418
122,419
122,420
123,421
123,422
123,423
123,424
123,425
124,426
124,427
124,428
124,429
124,430
125,431
125,432
126,433
126,434
127,435
127,436
127,437
127,438
127,439
128,440
128,441
128,442
128,443
128,444
128,445
129,446
129,447
129,448
129,449
129,450
130,451
130,452
130,453
131,454
131,455
131,456
131,457
132,458
132,459
133,460
133,461
134,462
134,463
135,464
135,465
135,466
135,467
136,468
136,469
136,470
136,471
136,472
137,473
137,474
138,475
138,476
138,477
139,478
139,479
139,480
140,481
140,482
140,483
140,484
140,485
140,486
140,487
141,488
141,489
141,490
141,491
141,492
142,493
142,494
142,495
142,496
142,497
143,498
143,499
143,500
143,501
143,502
143,503
143,504
144,505
144,506
144,507
144,508
144,509
145,510
145,511
145,512
146,513
146,514
147,515
147,516
147,517
147,518
148,519
148,520
148,521
149,522
149,523
149,524
150,525
150,526
150,527
150,528
150,529
150,530
150,531
150,532
150,533
150,534
150,535
151,536
151,537
151,538
151,539
151,540
152,541
152,542
152,543
152,544
153,545
153,546
153,547
153,548
153,549
154,550
154,551
154,552
154,553
154,554
155,555
155,556
155,557
155,558
155,559
156,560
156,561
156,562
156,563
156,564
157,565
157,566
157,567
157,568
157,569
158,570
158,571
158,572
158,573
158,574
159,575
159,576
159,577
159,578
159,579
160,580
160,581
160,582
160,583
160,584
161,585
161,586
161,587
162,588
162,589
162,590
162,591
162,592
163,593
163,594
163,595
163,596
163,597
164,598
164,599
165,600
166,601
167,335
168,602
168,603
168,604
168,605
169,606
169,607
169,608
169,609
169,610
170,611
170,612
170,613
170,614
170,615
170,616
170,617
170,618
171,619
171,620
171,621
171,622
171,623
171,624
171,625
171,626
171,627
171,628
171,629
172,630
172,631
172,632
173,633
173,634
173,635
173,636
173,637
173,638
173,639
173,640
173,641
173,642
173,643
173,644
174,645
174,646
175,647
175,648
175,649
176,650
176,651
176,652
176,653
177,654
177,655
177,656
178,657
178,658
178,659
178,660
179,661
179,662
179,663
179,664
179,665
180,666
181,667
181,668
181,669
181,670
181,671
181,672
182,673
182,674
182,675
182,676
182,677
183,678
183,679
183,680
183,681
183,682
183,683
183,684
183,685
183,686
183,687
184,688
184,689
184,690
185,691
185,692
185,693
185,694
186,695
186,696
187,697
187,698
187,699
187,700
188,701
188,702
188,703
188,704
189,705
190,706
190,707
191,708
191,709
192,710
192,711
192,712
192,713
192,714
193,715
193,716
193,717
193,718
193,719
193,720
194,721
194,722
194,723
194,724
194,725
194,726
194,727
194,728
195,729
195,730
196,731
196,732
197,733
197,734
197,735
197,736
197,737
197,738
198,739
198,740
198,741
198,742
198,743
198,744
198,745
198,746
198,747
199,748
199,749
199,750
199,751
199,752
199,753
199,754
199,755
199,756
200,757
200,758
200,759
201,760
201,761
201,762
201,763
201,764
201,765
201,766
201,767
201,768
201,769
202,770
202,771
203,772
203,773
203,774
203,775
204,776
204,777
205,778
205,779
205,780
206,781
207,782
208,783
209,784
210,785
210,786
210,787
211,788
211,789
212,790
212,791
213,792
213,793
214,794
215,795
215,796
216,797
216,798
217,799
217,800
218,801
219,802
220,803
221,804
221,805
222,806
222,807
223,808
223,809
224,810
225,811
225,812
226,813
226,814
227,815
228,816
228,817
228,818
228,819
228,820
228,821
228,822
228,823
228,824
228,825
228,826
228,827
228,828
228,829
229,830
229,831
229,832
229,833
229,834
229,835
229,836
229,837
229,838
229,839
229,840
229,841
230,842
230,843
230,844
231,845
231,846
231,847
231,848
231,849
231,850
231,851
231,852
231,853
231,854
231,855
231,856
231,857
231,858
232,859
232,860
232,861
232,862
232,863
232,864
233,865
233,866
233,867
233,868
234,869
234,870
234,871
234,872
234,873
234,874
235,875
235,876
235,877
236,878
236,879
236,880
237,881
237,882
237,883
238,884
238,885
238,886
238,887
238,888
238,889
238,890
238,891
239,892
240,893
240,894
241,895
241,896
241,897
241,898
241,899
241,900
241,901
242,902
242,903
242,904
242,905
242,906
242,907
243,908
244,909
245,910
246,911
247,912
248,913
249,914
249,915
249,916
249,917
249,918
250,919
250,920
250,921
250,922
250,923
251,924
251,925
251,926
251,927
252,928
252,929
252,930
252,931
253,932
253,933
253,934
253,935
254,936
254,937
254,938
254,939
255,940
255,941
255,942
255,943
256,944
256,945
257,946
257,947
257,948
257,949
257,950
258,951
258,952
258,953
258,954
258,955
259,956
259,957
259,958
259,959
260,960
260,961
260,962
260,963
260,964
260,965
260,966
261,967
261,968
261,969
261,970
261,971
262,972
262,973
262,974
262,975
263,976
263,977
263,978
263,979
264,980
264,981
264,982
264,983
265,984
265,985
265,986
265,987
265,988
266,989
266,990
266,991
266,992
266,993
266,994
267,995
267,996
267,997
267,998
268,999
268,1000
268,1001
268,1002
268,1003
268,1004
268,1005
268,1006
268,1007
268,1008
268,1009
268,1010
268,1011
268,1012
269,1013
269,1014
269,1015
269,1016
270,1017
270,1018
270,1019
270,1020
270,1021
270,1022
271,1023
271,1024
271,1025
271,1026
272,1027
272,1028
272,1029
272,1030
272,1031
273,1032
273,1033
273,1034
273,1035
273,1036
274,1037
274,1038
274,1039
274,1040
274,1041
275,1042
275,1043
275,1044
275,1045
275,1046
275,1047
276,1048
276,1049
276,1050
276,1051
276,1052
276,1053
276,1054
277,1055
277,1056
277,1057
277,1058
278,1059
278,1060
278,1061
278,1062
279,1063
279,1064
279,1065
279,1066
280,1067
280,1068
280,1069
280,1070
281,1071
281,1072
281,1073
281,1074
281,1075
282,1076
282,1077
282,1078
282,1079
283,1080
283,1081
283,1082
283,1083
284,1084
284,1085
284,1086
284,1087
285,1088
285,1089
285,1090
285,1091
285,1092
286,1093
286,1094
286,1095
286,1096
287,1097
287,1098
287,1099
287,1100
288,1101
288,1102
288,1103
288,1104
289,1105
289,1106
289,1107
289,1108
290,1109
290,1110
290,1111
290,1112
290,1113
290,1114
291,998
291,1115
291,1116
291,1117
292,998
292,1118
292,1119
293,1120
293,998
293,1121
293,1122
294,1013
294,1123
294,1124
295,1125
295,1126
295,1127
295,1013
296,1013
296,1128
296,1129
296,1130
297,1013
297,1131
297,1132
297,1133
298,1134
298,1135
298,1136
298,1013
299,1137
299,1138
299,1013
299,1139
300,1140
301,1141
302,1142
303,1143
304,1144
305,1145
306,1146
307,1147
308,1148
309,944
309,1149
310,944
310,1150
311,944
312,944
313,944
314,944
315,944
316,944
317,944
317,1151
318,944
318,1152
319,944
319,1153
320,944
320,1154
321,944
321,1155
322,944
322,1156
323,944
323,1151
324,944
324,1151
325,944
325,1157
326,944
326,1151
327,944
327,1158
328,944
329,944
329,1159
330,944
331,944
332,944
333,944
334,944
335,944
336,944
336,1160
337,944
338,944
339,944
339,1161
339,1162
340,944
340,1163
341,944
341,1162
342,944
342,1162
343,944
343,1162
344,944
344,1162
345,944
345,1162
346,944
346,1162
347,944
347,1162
348,944
348,1164
349,944
349,1165
350,944
350,1165
351,944
351,1165
352,944
352,1165
353,944
353,1165
354,944
354,1165
355,944
355,1165
356,944
356,1165
357,944
357,1166
358,944
358,1166
359,944
359,1166
360,944
360,1166
361,944
361,1166
361,1167
362,944
362,1166
363,944
363,1166
364,944
364,1166
365,944
365,1166
366,944
366,1166
367,944
367,1166
368,944
368,1166
369,944
369,1166
370,944
370,1166
371,944
371,1166
372,944
372,1166
373,944
373,1166
374,944
374,1166
375,944
375,1166
376,944
376,1166
377,944
377,1166
378,944
378,1166
379,944
379,1166
380,944
380,1166
381,944
381,1166
382,944
382,1166
383,944
383,1166
384,944
384,1166
385,944
385,1166
386,944
386,1166
387,944
387,1166
388,944
388,1166
389,944
389,1166
390,1168
390,944
391,1168
391,944
392,944
392,1169
392,1170
393,944
393,1169
393,1170
394,1171
394,1172
394,1173
394,1174
395,1172
395,1175
395,1176
396,1177
396,1178
396,1179
397,1180
397,1172
398,1181
398,1172
399,1182
399,1172
400,944
400,1172
401,1183
401,1184
401,1185
401,1186
401,1187
401,1188
401,1189
401,1190
402,944
402,1190
403,944
403,1190
404,944
404,1190
405,944
405,1191
406,944
406,1191
407,944
407,1192
408,1193
408,1194
408,1195
408,1196
409,944
409,1197
409,1198
409,1199
409,1200
409,1201
410,944
410,1197
410,1198
410,1201
410,1200
410,1199
411,944
411,1197
411,1198
411,1201
412,944
412,1202
413,944
413,1203
413,1204
414,944
414,1205
415,944
415,1205
416,944
416,1206
417,1207
417,1208
417,1209
417,1210
418,944
418,1211
419,944
419,1211
420,944
420,1211
421,944
421,1211
422,944
422,1211
423,1212
423,1213
423,1214
423,1215
423,1216
423,1217
424,1218
424,1219
424,1220
424,1217
424,1216
425,944
425,1221
425,1222
426,944
426,1223
427,944
427,1224
428,944
428,1225
429,944
429,1226
430,944
430,1227
431,944
431,1228
432,944
432,1229
433,944
433,1230
434,944
434,1231
435,944
435,1232
436,944
436,1233
437,944
437,1234
438,944
438,1235
439,944
439,1236
440,944
440,1237
441,944
441,1238
442,944
442,1239
443,944
443,1240
444,944
444,1241
445,944
445,1242
446,944
446,1243
447,944
447,1244
448,944
448,1245
449,944
449,1246
450,944
450,1247
451,944
451,1248
452,944
452,1249
453,944
453,1250
454,944
454,1251
455,944
455,1252
456,944
456,1253
457,944
457,1254
458,944
458,1255
459,944
459,1256
460,944
461,944
461,1257
462,944
463,944
463,1258
464,944
465,944
466,944
467,944
467,1259
468,944
468,1259
469,944
469,1259
470,944
470,1259
471,944
471,1259
472,944
472,1259
473,944
473,1259
474,944
474,1259
475,944
475,1259
476,1260
476,1261
476,1258
476,1262
476,1263
477,1264
477,944
478,944
478,1264
479,944
479,1264
480,944
480,1264
481,944
481,1265
482,1266
482,1267
482,1268
482,1269
483,1270
483,1271
483,1272
483,1273
484,1274
484,1275
484,1276
484,1273
484,1277
484,1278
484,1279
484,1280
484,1281
484,1282
484,1283
484,1284
484,1285
484,1286
484,1287
484,1288
485,1289
485,1290
485,1291
485,1273
486,944
486,1292
487,1293
487,1294
487,1295
487,1296
487,1297
487,1298
488,944
488,1294
489,1299
489,1294
489,1300
489,1301
490,1294
490,1302
490,1303
490,1304
491,944
491,1294
492,1305
492,1294
492,1306
492,1307
493,1294
493,1308
493,1309
494,1310
494,1294
494,1311
494,1312
495,1313
495,1294
495,1314
495,1315
495,1316
495,1317
496,1294
496,1318
496,1319
496,1320
496,1321
496,1322
497,944
497,1294
498,944
498,1294
499,1323
499,1324
499,1325
499,1326
499,1327
500,1328
500,1329
500,1330
500,1326
500,1331
501,944
501,1332
502,944
502,1333
503,944
503,1334
504,944
504,1335
505,944
505,1335
506,944
506,1335
507,944
507,1336
508,944
508,1337
509,944
510,944
511,944
512,944
512,1338
513,944
513,1339
514,944
514,1340
515,944
515,1340
516,944
516,1340
517,944
517,1341
518,944
518,1341
519,944
519,1342
520,944
520,1343
521,944
521,1342
522,944
522,1344
522,1345
523,1346
523,1347
523,1348
523,1349
523,1350
524,1351
524,1352
524,1353
525,1354
525,1355
525,1356
525,1357
525,1358
525,1359
526,1360
526,1361
526,1362
527,1363
527,1364
527,1365
527,1366
527,1367
527,1368
527,1369
528,1370
528,1371
528,1372
528,1373
528,1374
529,1375
529,1376
529,1377
529,1378
530,944
530,1379
531,1380
531,1381
531,1382
532,944
532,1383
533,944
533,1384
534,944
534,1385
535,944
536,944
537,944
537,1386
538,944
538,1387
539,944
540,944
540,1388
541,944
541,1389
542,944
542,1389
543,944
543,1389
544,944
544,1389
545,944
545,1390
546,944
546,1391
547,944
547,1392
548,1393
548,1394
548,1395
548,1396
548,1397
549,1398
549,1394
549,1399
549,1400
549,1401
550,944
551,944
552,944
553,944
554,944
554,1402
555,944
555,1403
556,944
556,1404
557,944
557,1404
558,1405
558,1406
558,1407
558,1408
558,1409
558,1410
558,1411
559,944
559,1412
560,1413
560,1414
560,1415
560,1416
561,1417
561,1418
561,1419
562,944
563,944
564,944
565,944
566,944
567,944
568,944
569,944
570,944
571,944
572,944
573,944
574,944
575,944
576,944
577,1420
577,1421
577,1422
578,944
579,944
580,1423
580,1424
580,1425
580,1426
581,944
582,944
583,944
584,944
585,944
586,944
587,944
588,944
589,944
590,1427
590,1428
590,1429
591,1430
591,1431
591,1432
591,1433
592,944
593,944
594,1434
594,1435
595,1436
595,1437
595,1438
595,1439
595,1440
595,1441
595,1442
595,1443
596,1444
596,1445
597,944
598,944
599,1446
599,1447
599,1448
600,1449
600,1450
600,1451
600,1452
600,1453
600,1454
600,1455
600,1456
600,1457
601,1458
601,1459
601,1460
601,1461
601,1462
601,1463
602,229
602,1464
602,1465
602,1466
602,1467
602,1468
602,1469
602,1470
602,1471
602,1472
602,1473
602,1474
602,1475
602,1476
602,1477
602,1478
602,1479
602,1480
603,1481
603,1482
603,1483
603,1484
603,1485
603,1486
603,1487
603,1488
603,1489
603,1490
603,1491
603,1492
603,1493
603,1494
604,1495
604,1496
604,1497
604,1498
604,1499
605,1500
605,1501
605,1502
605,1503
605,1504
605,1505
605,1506
606,1507
606,1508
606,1509
606,1510
606,1511
606,1512
606,1513
606,1514
607,1515
607,1516
607,1517
607,1518
607,1519
608,1520
608,1521
608,1522
608,1523
608,1524
608,1525
608,1526
609,1527
609,1528
609,1529
609,1530
609,1531
609,1532
610,1533
610,1534
610,234
610,1535
610,1536
610,1537
610,1538
610,1539
610,1540
610,1541
610,1542
610,1543
610,1544
610,1545
610,1546
610,1526
611,1547
611,1548
611,1549
611,1550
611,1551
611,1552
611,1553
611,1554
611,1555
611,1556
611,1557
612,1558
612,1559
612,1560
612,1561
612,1562
612,1563
613,1564
613,1553
613,1565
613,1566
613,1567
614,1568
614,1569
614,1570
614,1571
614,1572
614,1573
614,1553
615,1574
615,1575
615,1576
615,1577
615,1578
615,1579
615,1580
615,1553
616,1581
616,1582
616,1583
616,1584
616,1585
616,1586
616,1587
617,1588
617,1589
617,1590
617,1591
617,1592
617,1593
618,234
618,1594
618,1595
618,1596
618,1597
618,1598
618,1599
618,1600
619,1601
619,1602
619,1603
619,1604
619,1605
620,1606
620,1607
620,1608
620,1609
620,1610
621,1611
621,1612
621,1613
621,1614
621,1615
621,1616
621,1617
621,1618
622,1619
622,1620
622,1621
622,1622
622,1623
622,1624
622,1625
622,1626
622,1611
623,1627
623,1628
623,1629
623,1630
623,1631
623,1632
623,1633
623,1611
623,1634
624,1635
624,1636
624,1637
624,1638
624,1639
624,1640
624,1641
624,1642
625,1643
625,1644
625,1645
625,1646
625,1647
625,1648
625,1649
625,1650
625,1651
625,1652
626,1653
626,1654
626,1655
626,1656
626,1657
626,1658
626,1659
626,1660
626,1661
626,1662
627,1663
627,1664
627,1665
627,1666
627,1667
627,1668
628,1669
628,1670
628,1671
628,1672
628,1673
629,1674
629,1675
629,1676
629,1677
629,1678
629,1679
629,1680
629,1681
630,1682
630,1683
630,1684
631,1685
631,1686
631,1687
631,1688
632,1689
633,1690
634,1691
635,1692
636,1693
637,1694
638,1695
639,1696
640,1697
641,1698
642,1699
643,1700
644,1701
645,1702
646,944
647,944
648,944
649,944
650,944
651,944
652,944
653,944
654,944
655,944
656,944
657,944
658,944
659,944
660,944
661,944
662,944
663,944
664,944
665,944
666,944
667,944
668,944
669,944
670,944
671,944
672,944
673,944
674,944
675,944
676,944
677,944
678,944
679,944
680,944
681,944
682,944
683,944
684,944
685,944
686,1703
686,1704
686,1705
686,1706
686,1707
686,1708
686,1709
686,1710
687,1711
687,1712
687,1713
687,1714
687,1715
687,1716
687,1717
687,1718
688,1719
688,1720
688,1721
688,1722
688,1723
688,1724
689,1725
689,1726
689,1727
689,1728
689,1729
689,1730
689,1731
689,1732
689,1733
690,1734
690,1735
690,1736
690,1737
690,1738
690,1739
690,1740
690,1741
690,1742
690,1743
690,1744
691,1745
691,1746
691,1747
691,1748
691,1749
692,1750
692,1751
692,1752
692,1753
692,1754
692,1755
692,1756
693,1757
693,1758
693,1759
693,1760
693,1761
693,1762
694,1763
694,1764
694,1765
694,1766
694,1767
694,1768
694,1769
694,1770
694,1771
694,1772
694,1773
695,1774
695,1775
695,1776
695,1777
695,1778
695,1779
695,1780
696,1781
697,1782
698,1783
699,1784
700,1785
701,1786
701,1787
701,1788
701,1789
701,1790
702,1791
703,1792
703,1793
704,1794
705,1795
706,1796
707,1797
707,1798
708,1799
709,1800
709,1801
710,1802
711,1803
712,1804
713,1800
713,1805
714,1800
714,1806
715,1800
715,1807
716,1800
716,1807
717,1800
717,1808
718,1809
719,1810
720,1811
721,1812
722,1813
723,1814
724,1815
725,1816
726,1817
726,1818
726,1819
726,1820
726,1821
726,1822
727,1823
727,1824
727,1825
727,1826
727,1827
727,1828
728,1829
728,1830
728,1831
728,1832
728,1833
729,1834
729,1835
729,1836
730,1837
730,1838
730,1839
730,1840
730,287
731,1841
731,1842
731,1843
732,1844
732,1845
732,1846
733,1847
733,1848
733,1849
734,1850
734,1851
734,1852
735,1853
735,1854
735,1855
736,1856
736,1857
736,1858
737,1859
737,1860
737,1861
738,1862
738,1863
738,1864
739,1865
739,1866
739,1867
740,1868
740,1869
740,1870
741,1871
741,1872
741,1873
742,1874
742,1875
742,1876
743,1877
743,1878
743,1879
744,1880
744,1881
744,1882
745,1883
745,1884
745,1885
746,1886
746,1887
746,1888
747,1889
747,1890
747,1891
748,1892
748,1893
749,1894
749,1895
749,1896
749,1897
749,1898
749,1899
749,1900
749,1901
749,1902
749,1903
749,1904
749,1905
749,1906
749,1907
749,1908
749,1909
749,1910
749,1911
749,1912
749,295
750,1913
750,1914
750,295
750,1915
751,368
751,1916
751,1917
751,1918
751,1919
751,1920
751,287
752,1921
752,1922
752,1923
753,1924
753,1925
753,1926
754,1927
754,1928
754,1929
755,1930
755,1931
755,1932
755,1933
755,287
756,1934
756,1935
756,1936
757,1937
757,1938
757,1939
758,1940
758,1941
758,1942
759,1943
759,1944
759,1945
760,1946
760,1947
760,1948
761,1949
761,1950
761,1951
761,1952
761,1953
761,295
762,1954
762,1955
762,1956
763,1957
763,1958
763,1959
764,211
764,1960
764,1961
764,1962
764,1963
764,1964
764,1965
765,1966
765,1967
765,1968
765,1969
765,1970
766,1971
766,1972
766,1973
766,1974
767,1975
767,1976
768,1977
768,1978
768,1979
768,1980
768,1981
768,1982
769,1983
769,1982
769,1984
769,1985
769,1986
769,1987
770,1988
770,1989
770,1990
770,1991
770,1992
770,1993
770,1994
771,944
771,1995
772,1996
772,1997
772,1998
772,1999
772,2000
773,2001
773,2002
773,2003
774,2004
774,2005
774,2006
774,2007
775,2008
775,2009
775,2010
775,2011
775,2012
775,2013
775,2014
775,2015
775,2016
776,2017
776,2018
776,2019
776,2020
776,2021
776,2022
777,2023
777,2024
777,2025
778,2026
778,2027
778,2028
779,2029
779,67
779,2030
779,2031
780,2005
780,2032
780,2033
780,2034
780,2035
781,2005
781,2036
781,2037
781,2038
781,2039
781,2040
782,2041
782,2042
782,2043
782,2044
782,295
783,2045
783,2046
783,2047
783,2048
783,2049
783,2050
783,2051
783,2052
783,2053
783,295
783,2054
784,2055
784,2056
784,2057
784,2058
784,2059
784,2060
784,2061
784,2062
785,2063
785,2064
785,2065
785,2066
785,2067
785,2068
785,2069
785,2070
786,2071
786,2072
786,2073
786,2074
786,2075
786,2076
786,2077
786,2078
787,2079
787,2080
787,2081
787,2082
787,2083
788,2084
788,2085
788,2086
788,2087
788,2088
788,2089
788,2090
789,2091
789,2092
789,2093
789,2094
789,2095
789,2096
789,2097
789,2098
790,2099
790,2100
790,2101
790,2102
791,2103
791,2104
791,2105
792,2106
792,2107
792,2108
792,2109
792,2110
792,2111
792,2112
792,2113
793,2114
793,2115
793,2116
793,2117
794,2118
794,2119
794,2120
795,944
796,944
797,944
798,944
799,944
800,944
801,944
802,944
803,944
804,944
805,944
806,2121
806,368
806,2122
806,2123
806,287
807,944
808,944
809,944
810,944
811,944
812,944
813,2124
813,2125
813,2126
813,2127
813,287
814,2128
814,2129
814,287
815,2130
815,368
815,2131
815,2132
815,2133
815,2134
815,287
816,282
816,2135
816,2136
816,2137
816,2138
816,2139
817,287
817,2140
818,282
818,2141
818,2142
818,2143
818,2144
818,2145
819,2146
819,282
819,2147
819,2148
819,2149
819,2150
819,2151
819,2152
820,2153
820,282
820,2154
820,2155
820,2156
820,2157
820,2158
821,2159
821,295
822,944
823,368
823,2160
823,2161
823,2162
823,2163
823,2164
823,2165
824,944
825,944
826,2166
826,287
827,2167
827,2168
827,2169
827,2170
827,2171
827,2172
828,2173
828,2174
828,2175
828,2176
828,2177
828,2178
828,282
828,368
828,2179
828,2180
828,2181
828,2182
828,287
829,2183
829,2184
829,2185
829,2186
830,2187
830,2188
830,2189
830,2190
830,2191
830,2192
830,2193
830,2194
830,2195
831,2196
831,295
832,944
833,944
834,944
835,944
836,287
836,2197
837,944
838,944
839,2198
839,2199
839,287
840,2200
841,2201
842,2202
842,2203
842,295
843,2204
843,2205
843,295
844,368
844,2206
844,2207
844,75
844,2208
844,2209
844,287
845,944
846,944
847,944
848,944
849,944
850,944
851,944
852,944
853,944
854,944
855,944
856,944
857,944
858,944
859,944
860,944
861,944
862,944
863,944
864,944
865,944
866,944
867,944
868,944
869,944
870,944
871,944
872,944
873,944
874,944
875,944
876,944
877,944
878,210
878,211
879,944
880,944
881,944
882,944
883,944
884,944
885,944
886,944
887,944
888,944
889,944
890,944
891,944
892,944
893,944
894,944
895,944
896,944
897,944
898,944
899,944
900,944
901,944
902,944
903,944
904,944
905,944
906,944
907,944
908,944
909,944
910,944
911,944
912,944
913,944
914,944
915,944
916,944
917,944
918,944
919,944
920,944
921,944
922,944
923,944
924,944
925,944
926,944
927,944
928,944
929,944
930,944
931,944
932,944
933,944
934,944
935,944
936,944
937,944
938,944
939,944
940,944
941,944
942,2210
942,2211
942,2212
942,37
943,2213
943,2214
943,2215
943,2216
944,2217
944,2218
944,2219
944,2216
945,2220
945,2221
945,2222
945,2223
945,2216
946,2224
946,2225
946,2226
946,2227
947,2228
947,2229
947,2230
947,2231
947,2216
948,2232
948,2233
948,2234
948,2235
948,2236
948,2216
949,2237
949,2238
949,2239
949,2240
949,2241
950,2242
950,2243
950,2244
950,2245
951,2246
951,2247
951,2248
951,2249
952,2250
952,2251
952,2252
953,2253
954,2254
954,2255
954,2256
955,2257
955,2258
955,2256
956,2259
956,2260
956,515
956,517
956,518
957,2260
957,518
957,515
957,517
957,2261
958,2262
958,2263
958,2264
958,2265
958,2266
958,2267
959,2268
960,2269
961,2270
962,2271
962,2272
962,2273
962,2274
962,2275
963,2276
963,2277
963,2278
963,2279
963,2280
963,2281
963,2282
963,2283
964,2284
964,2285
965,2286
965,2287
965,2288
965,2289
965,2290
965,2291
965,2292
965,2293
966,2294
967,2295
968,2296
968,2297
969,2298
969,2299
969,2300
969,2301
970,2302
970,2303
970,2304
970,2305
971,2306
971,2307
971,2308
972,2309
972,2310
972,2311
973,2312
973,2313
974,2314
974,2315
974,2316
974,2317
974,2318
974,2319
975,2320
976,2321
976,2322
976,2323
976,2324
976,2325
976,2326
976,2327
977,2328
977,2329
977,2330
977,2331
977,2332
978,2329
978,2330
978,2333
978,2334
979,2329
979,2330
979,2335
979,2336
980,2337
981,2338
982,2339
983,335
984,335
985,335
986,335
987,335
988,335
989,335
990,2340
990,2341
990,2342
991,2343
991,2344
991,2345
991,2346
991,2347
991,2348
992,2349
992,2350
993,2351
993,2352
994,2353
994,2354
995,2355
995,2356
996,2357
996,2358
997,2359
997,2360
998,2361
998,2362
999,2363
1000,2363
1001,2364
1001,2365
1001,2366
1002,2367
1002,2368
1002,2369
1003,1789
1003,2370
1003,2371
1004,2372
1005,2373
1005,2374
1006,944
1007,2375
1007,2376
1007,2377
1007,2378
1008,2379
1008,2380
1008,2381
1009,2382
1010,2383
1010,2384
1011,2385
1011,2386
1011,1294
1011,2387
1012,2388
1013,2389
1014,2390
1014,2391
1014,1294
1014,2392
1014,2393
1015,2394
1016,2395
1016,2396
1017,2397
1017,2398
1017,2399
1018,2400
1019,2401
1020,2402
1021,2403
1021,2404
1022,2405
1022,2406
1023,2407
1024,2408
1025,2409
1026,2410
1026,2411
1026,2412
1026,2413
1026,2414
1026,2415
1027,2416
1027,2417
1027,2412
1027,2413
1027,2415
1028,2418
1028,2419
1028,2420
1028,2421
1028,2422
1028,2423
1028,2424
1029,2425
1029,2426
1029,2427
1029,2428
1030,2429
1030,2430
1030,2431
1030,2432
1030,2433
1030,2434
1030,2435
1030,2436
1031,2437
1031,2438
1031,2439
1031,2440
1032,2441
1032,2442
1032,2443
1032,2444
1032,2445
1032,2446
1032,2447
1032,2448
1032,2449
1032,2450
1032,2451
1032,2452
1033,944
1034,944
1035,944
1036,2453
1036,2454
1036,2455
1036,2456
1036,2457
1036,2458
1036,2459
1036,2460
1036,2461
1037,2454
1037,2462
1037,2463
1037,2456
1037,2457
1037,2464
1037,2465
1037,2460
1037,2461
1038,2466
1038,2467
1038,2454
1038,2456
1038,2457
1038,2468
1038,2469
1038,2460
1038,2461
1039,2470
1039,2454
1039,2471
1039,2456
1039,2457
1039,2472
1039,2473
1039,2460
1039,2461
1040,2474
1040,2454
1040,2475
1040,2456
1040,2457
1040,2476
1040,2477
1040,2460
1040,2461
1041,944
1042,2478
1042,2479
1042,2480
1042,2481
1043,944
1044,944
1045,944
1046,944
1047,944
1048,944
1049,944
1050,944
1051,944
1052,944
1053,944
1054,944
1055,944
1056,944
1057,944
1058,944
1059,944
1060,944
1061,944
1062,944
1063,944
1064,944
1065,944
1066,944
1067,944
1068,944
1069,944
1070,944
1071,944
1072,944
1073,944
1074,944
1075,944
1076,944
1077,944
1078,2482
1078,2483
1078,2484
1078,2485
1079,2486
1079,2487
1079,2488
1079,2489
1079,2490
1079,2491
1080,2492
1080,2493
1080,2494
1080,2495
1080,2496
1080,2497
1080,2498
1080,2499
1080,2500
1080,2501
1081,944
1082,2502
1082,2503
1082,2504
1082,2505
1082,2506
1082,2507
1082,2508
1083,2509
1083,2510
1083,2511
1083,2512
1083,2513
1083,2514
1084,2515
1084,2516
1084,2517
1084,2518
1084,2519
1084,2520
1085,944
1086,335
1087,2521
1087,2522
1088,2523
1089,2524
1090,2525
1090,2526
1090,2527
1090,2528
1090,2529
1090,2530
1091,2531
1091,2526
1091,2527
1091,2528
1091,2529
1091,2530
1092,2532
1092,2533
1092,2534
1092,2535
1092,2536
1093,2537
1093,2538
1094,2539
1094,2540
1094,2541
1095,2542
1096,944
1097,944
1098,944
1099,944
1100,944
1101,944
1102,944
1103,2543
1104,335
1104,2544
1105,944
1106,2545
1106,2546
1106,2216
1107,2547
1107,2548
1107,2216
1108,2549
1108,2550
1109,335
1110,2551
1110,2552
1110,2553
1110,2554
1110,2555
1110,2556
1110,2557
1110,2558
1110,2559
1110,2560
1110,2561
1110,2562
1111,2563
1111,2564
1112,2565
1112,2566
1113,2567
1114,2568
1115,2569
1115,2570
1115,2571
1115,2572
1115,2573
1115,2574
1115,2575
1115,2576
1115,2577
1116,2578
1116,2579
1116,2580
1116,2581
1116,2582
1116,2583
1116,2584
1116,2585
1116,2586
1117,2587
1117,2588
1117,2589
1118,2590
1118,2591
1118,2592
1119,944
1120,944
1121,944
1122,944
1123,944
1124,944
1125,944
1126,944
1127,944
1128,944
1129,944
1130,944
1131,944
1132,944
1133,944
1134,2593
1135,944
1136,2594
1137,944
1138,944
1139,944
1140,944
1141,944
1142,944
1143,944
1144,2595
1144,2596
1145,2597
1145,2598
1146,2599
1146,2600
1147,2601
1147,2602
1148,2603
1148,2604
1149,2605
1149,2606
1150,2607
1150,2608
1151,2609
1152,2610
1152,2611
1153,2612
1153,2613
1154,2614
1155,2615
1155,2616
1155,2617
1155,2618
1156,2619
1156,2620
1156,2621
1156,2622
1156,2623
1157,944
1158,2624
1158,2625
1158,2626
1159,2627
1160,2628
1161,2629
1161,2630
1162,2631
1162,2632
1163,2633
1163,2634
1164,944
1165,944
1166,944
1167,944
1168,944
1169,2635
1169,2636
1170,2637
1170,2638
1171,2639
1171,2640
1172,2641
1172,2642
1173,2643
1174,2644
1174,2645
1175,2646
1175,2647
1176,2648
1176,2649
1177,2650
1177,2651
1178,2652
1178,2653
1179,2654
1179,2655
1180,2654
1180,2655
1181,2654
1181,2655
1182,2310
1182,2656
1182,2657
1182,2658
1182,2659
1183,2310
1183,2660
1183,2661
1183,2662
1183,2663
1184,944
1185,2310
1185,944
1186,2310
1186,944
1187,2664
1187,2310
1188,2665
1189,944
1190,944
1191,944
1192,944
1193,944
1194,944
1195,2666
1195,2667
1195,2668
1196,944
1197,944
1198,2669
1198,2670
1198,2671
1199,2669
1199,944
1200,2669
1200,944
1201,2672
1202,2673
1203,2674
1204,2675
1205,2676
1206,2677
1207,2678
1208,2679
1209,2680
1210,2681
1211,944
1212,2682
1212,944
1213,944
1214,944
1215,944
1216,2683
1217,2684
1218,944
1219,944
1220,2685
1221,2310
1221,2686
1221,944
1222,2310
1222,2687
1222,2688
1222,944
1223,2310
1223,2689
1224,944
1225,2690
1225,2691
1226,944
1227,944
1228,2692
1229,2693
1230,944
1231,944
1232,2694
1232,2695
1233,2696
1234,944
1235,944
1236,2697
1237,2698
1238,2699
1238,2700
1239,2701
1240,2702
1241,2703
1242,2704
1243,335
1244,2705
1244,2706
1245,2705
1245,2707
1246,2708
1246,2709
1247,2710
1247,2711
1247,2712
1247,2713
1247,2714
1247,2715
1247,2716
1247,2717
1247,2718
1247,2719
1248,944
1248,2720
1248,2721
1248,2722
1249,2723
1249,944
1250,2724
1251,2724
1252,2725
1252,2726
1252,2727
1252,2728
1253,2729
1253,2544
1254,2730
1254,2731
1254,2732
1254,2733
1254,2734
1255,2735
1255,2736
1255,2737
1255,2738
1255,2733
1256,2739
1256,2740
1256,2741
1256,2742
1256,2733
1257,2743
1257,2744
1257,2745
1257,2746
1257,2733
1258,2747
1258,2748
1259,944
1260,944
1261,944
1262,2749
1262,2750
1263,944
1264,944
1265,2751
1266,2751
1267,2751
1268,2752
1268,2753
1268,2754
1268,2755
1268,2756
1268,2757
1268,2758
1268,2759
1268,2760
1268,2761
1268,2762
1269,944
1269,1294
1270,1294
1271,2763
1272,2764
1273,2765
1273,2766
1274,2767
1274,2768
1274,2769
1274,2770
1275,2771
1275,2772
1276,2773
1276,2774
1277,2775
1278,2776
1278,2777
1279,2778
1280,944
1281,2779
1281,2780
1281,2781
1281,2782
1281,2783
1281,2784
1281,2785
1281,2786
1281,2787
1281,2788
1281,2789
1281,2790
1282,2791
1283,2792
1283,2793
1283,2794
1283,2795
1283,2796
1283,2797
1283,2798
1283,2799
1283,2800
1283,2801
1284,944
1285,2802
1286,2803
1287,2804
1288,944
1289,944
1290,944
1291,2805
1291,2806
1291,2807
1291,2808
1291,2809
1291,2810
1291,2811
1291,2812
1292,2813
1292,2814
1292,2815
1293,2813
1293,2814
1293,2815
1294,2813
1294,2814
1294,2815
1295,2813
1295,2814
1295,2815
1296,2813
1296,2814
1296,2815
1297,2813
1297,2814
1297,2815
1298,2813
1298,2814
1298,2815
1299,2813
1299,2814
1299,2815
1300,2816
1301,944
1302,2817
1302,2818
1302,2819
1303,2820
1303,2819
1304,2820
1304,2819
1305,2819
1305,2820
1306,2819
1306,2820
1307,2820
1307,2819
1308,2819
1308,2820
1309,2821
1309,2822
1309,2823
1309,2811
1310,2824
1310,2825
1311,944
1312,2826
1312,944
1313,1344
1313,1345
1313,944
1314,944
1314,1151
1315,944
1315,1151
1316,944
1316,1151
1317,944
1317,1151
1318,944
1319,944
1320,944
1321,944
1322,2827
1322,2828
1323,944
1324,2829
1324,2830
1325,2831
1326,2832
1327,2833
1328,1352
1329,2834
1330,2835
1330,2836
1330,2837
1331,2838
1332,2839
1333,944
1334,944
1335,944
1336,944
1337,944
1338,2840
1339,2841
1340,2842
1341,2843
1342,2844
1343,2845
1344,944
1345,944
1346,944
1347,944
1348,944
1349,944
1350,944
1351,944
1352,944
1353,944
1354,944
1355,2846
1356,2847
1357,2848
1358,2849
1359,2850
1360,2851
1361,2852
1361,2853
1362,2854
1362,2855
1363,2856
1363,2274
1363,2275
1364,2274
1364,2275
1365,2856
1365,2274
1365,2275
1366,2857
1366,2858
1366,2859
1366,2860
1366,2861
1366,2862
1366,2863
1366,2864
1366,2865
1367,2866
1367,2867
1367,2868
1367,2869
1367,2870
1367,2871
1368,2872
1368,2873
1368,2874
1368,2875
1368,2876
1368,2877
1369,2878
1369,2879
1369,2880
1369,2881
1369,2882
1369,2883
1370,2884
1371,2885
1371,2886
1371,2887
1371,2888
1371,2889
1372,2890
1373,944
1374,944
1375,944
1376,944
1377,944
1378,944
1379,944
1380,2891
1380,2892
1380,2893
1380,2894
1381,2895
1381,2896
1381,2897
1381,2898
1382,2899
1382,2900
1382,2901
1382,2902
1383,2903
1383,2904
1383,2905
1383,2906
1384,2907
1384,2908
1384,2909
1384,2910
1385,2911
1385,2912
1385,2913
1385,2914
1386,2915
1386,2916
1386,2917
1386,2918
1387,2919
1387,2920
1387,2921
1387,2922
1388,944
1389,944
1390,944
1391,944
1392,944
1393,2923
1394,2924
1395,2925
1396,2926
1397,2927
1398,2928
1399,944
1400,2929
1401,2930
1402,944
1403,944
1404,944
1405,944
1406,944
1407,2931
1408,2932
1409,944
1410,2933
1411,944
1412,944
1413,944
1414,944
1415,944
1416,944
1417,944
1418,944
1419,944
1420,944
1421,944
1422,944
1423,944
1424,944
1425,944
1426,2934
1427,2935
1428,2936
1429,2937
1430,2938
1431,2939
1432,2940
1433,2941
1434,2942
1435,2943
1436,2944
1437,2945
1438,2946
1439,944
1440,944
1441,944
1442,944
1443,944
1444,944
1445,2947
1445,2948
1446,2949
1446,2950
1446,2948
1447,944
1447,1159
1448,944
1448,1159
1449,944
1449,1159
1450,2951
1450,2952
1451,944
1451,1172
1452,944
1452,1172
1453,944
1454,944
1454,1211
1455,944
1455,1340
1456,944
1457,944
1458,944
1459,944
1460,944
1461,944
1462,944
1463,944
1464,944
1465,944
1466,944
1467,944
1468,944
1469,944
1470,2953
1470,2954
1470,2955
1470,2956
1471,2957
1471,2958
1472,2959
1472,2960
1473,2961
1474,2962
1475,2963
1476,2964
1476,2965
1477,2966
1478,944
1479,2967
1480,2968
1481,2969
1481,2970
1482,2971
1483,2972
1484,2973
1485,2974
1486,2975
1487,944
1488,2976
1489,2977
1489,2978
1489,2979
1489,2980
1489,2981
1490,2981
1490,2982
1490,2983
1491,2984
1491,2985
1491,2981
1492,2986
1492,2987
1492,2981
1493,2988
1493,2989
1493,2981
1493,2990
1493,2991
1493,2992
1493,2993
1493,2994
1494,2995
1494,2996
1494,2997
1494,2998
1494,2981
1495,2999
1495,3000
1495,3001
1495,3002
1495,3003
1495,3004
1495,2981
1496,3005
1496,3006
1496,3007
1496,3008
1496,2981
1497,3009
1497,3010
1497,3011
1497,3012
1497,3013
1497,3014
1497,2981
1497,3015
1498,3016
1498,3017
1498,3018
1498,3019
1498,3020
1498,2981
1499,3021
1499,3022
1499,2981
1500,3023
1500,3024
1501,3025
1501,3026
1501,3027
1501,3028
1502,944
1503,944
1504,944
1505,944
1506,944
1507,944
1508,944
1509,944
1510,3029
1511,3030
1511,3031
1511,3032
1511,3033
1511,3034
1512,3035
1512,3036
1512,3037
1513,944
1514,944
1515,944
1516,944
1517,944
1518,944
1519,944
1520,944
1521,944
1522,944
1523,3038
1524,3039
1525,3040
1526,3040
1526,3041
1527,3042
1527,3043
1528,3044
1528,67
1529,3045
1530,3046
1530,3047
1531,3048
1532,3049
1533,3050
1534,3051
1534,3052
1535,3053
1536,3054
1537,3055
1538,3056
1539,3057
1539,3058
1539,3059
1539,3060
1540,3061
1540,3058
1541,3062
1542,3063
1543,3064
1543,3065
1544,3066
1545,3067
1546,3068
1547,3069
1548,3070
1549,3071
1550,3072
1551,3073
1552,3074
1553,3075
1554,3076
1555,3077
1556,3078
1557,944
1558,944
1559,944
1560,944
1561,3079
1561,3080
1562,3081
1563,3082
1563,3083
1563,3084
1564,3085
1564,3086
1564,3087
1564,3088
1564,3089
1564,3090
1564,3091
1564,3092
1565,3093
1565,3094
1565,3095
1565,3096
1566,3097
1566,3098
1566,3099
1566,3100
1566,3101
1566,3102
1567,3103
1568,3104
1569,3105
1570,3106
1571,3107
1572,3108
1573,3109
1574,944
1575,944
1576,944
1577,944
1578,944
1579,944
1580,944
1581,944
1582,944
1583,3110
1583,3111
1583,3112
1583,3113
1583,3114
1583,3115
1583,3116
1583,3117
1583,3118
1583,3119
1584,944
1585,944
1586,944
1587,3120
1587,3121
1587,3122
1588,3123
1588,3124
1588,3125
1589,3126
1589,3127
1589,3128
1590,3129
1590,3130
1590,3131
1591,3132
1591,3133
1591,3134
1592,3135
1592,3136
1592,3137
1593,3138
1593,3139
1594,3140
1594,3141
1594,3142
1595,3143
1596,3144
1597,3145
1598,944
1599,3146
1599,3147
1600,3148
1600,3149
1601,944
1602,3150
1602,3151
1602,3152
1602,3153
1603,3154
1603,3155
1603,3156
1603,3157
1604,944
1605,3158
1605,3159
1605,3160
1605,3161
1605,3162
1606,3163
1606,3164
1606,3165
1606,3166
1606,3167
1606,3168
1607,3169
1608,3170
1609,3171
1610,3172
1611,3173
1611,3174
1611,3175
1611,3176
1611,3177
1611,3178
1612,3179
1612,3180
1612,3181
1612,3182
1613,3183
1613,3184
1613,3185
1613,3186
1614,3187
1614,3188
1614,3189
1614,3190
1615,3191
1615,3192
1615,3193
1615,3194
1615,3195
1615,3196
1616,3197
1616,3198
1616,3199
1617,3200
1617,3201
1617,3202
1617,3203
1618,3204
1618,3205
1618,3206
1618,3207
1619,3208
1619,3209
1619,3210
1619,3211
1619,3212
1619,3213
1620,3214
1620,3215
1620,3216
1620,3217
1620,3218
1620,3219
1620,3220
1620,3221
1621,3222
1621,3223
1621,3224
1621,3225
1622,3226
1622,3227
1623,3228
1623,3229
1623,3230
1624,3231
1624,3232
1624,3233
1624,3234
1625,3235
1625,3236
1625,3237
1625,3238
1625,3239
1626,3240
1626,3241
1626,3242
1627,3243
1627,3244
1627,3245
1627,3246
1628,3247
1629,3248
1630,3249
1631,3250
1632,3251
1633,3252
1634,3253
1635,3254
1635,3255
1636,3256
1636,3257
1637,944
1638,944
1639,944
1640,3258
1641,3259
1641,3260
1641,3261
1641,3262
1642,3263
1642,3264
1643,3265
1643,3266
1643,3267
1644,3268
1644,3269
1645,3270
1645,3271
1646,3272
1646,3273
1647,3274
1647,3275
1648,3276
1648,3277
1649,3278
1650,3279
1651,3280
1652,3280
1653,3281
1654,3282
1656,3283
1656,3284
1656,3285
1656,3286
1656,3287
1656,3288
1657,3289
1657,3290
1657,3291
1658,944
1659,944
1660,944
1661,944
1662,944
1663,944
1664,944
1665,944
1666,944
1667,944
1668,944
1669,944
1670,944
1671,944
1672,944
1673,944
1674,944
1675,944
1676,944
1677,944
1678,944
1679,944
1680,944
1681,944
1682,944
1683,944
1684,3292
1684,3293
1684,3294
1684,3295
1684,3296
1684,3297
1684,3298
1684,3299
1684,3300
1684,3301
1685,335
1686,3302
1686,3303
1686,3304
1686,3305
1686,3306
1686,3307
1686,3308
1687,3309
1688,3309
1689,3309
1690,3310
1691,3311
1692,3312
1693,3313
1694,3314
1695,3315
1696,3316
1697,3317
1698,3318
1698,3319
1699,3320
1699,3321
1700,3322
1701,3323
1702,3324
1703,3325
1704,3326
1705,3327
1706,3328
1706,3329
1707,3330
1708,3331
1709,3332
1709,3333
1710,3334
1710,3335
1711,3336
1711,3337
1712,3338
1712,3339
1713,3340
1713,3341
1714,3342
1714,3343
1714,3344
1715,3345
1715,3346
1715,3347
1716,3348
1716,3349
1716,3350
1717,3351
1717,3352
1717,3353
1718,3354
1718,3355
1718,3356
1719,3357
1719,3358
1719,3359
1720,944
1721,944
1722,944
1723,3360
1723,3361
1724,944
1724,3362
1725,3363
1725,3362
1726,3364
1726,3362
1727,3365
1727,3366
1728,3367
1728,3366
1729,3368
1729,3366
1730,3369
1730,3370
1731,3371
1731,3370
1732,3372
1732,3370
1733,3373
1733,3374
1734,944
1735,944
1736,3375
1737,3375
1738,3376
1739,3377
1740,944
1741,944
1742,944
1743,3378
1743,3379
1744,3380
1744,3381
1744,3382
1745,3383
1745,3384
1746,944
1747,3385
1747,3386
1749,3387
1749,3388
1749,3389
1749,3390
1750,3391
1751,944
1752,944
1753,944
1754,944
1755,944
1756,944
1757,944
1758,944
1759,944
1760,944
1761,944
1762,944
1763,944
1764,944
1765,944
1766,944
1767,944
1768,944
1769,944
1770,944
1771,944
1772,944
1773,944
1774,3392
1774,3393
1774,3394
1774,3395
1774,3396
1775,3397
1775,3398
1776,3399
1776,3400
1776,3401
1777,3402
1777,3403
1778,3404
1778,3405
1778,3406
1778,3407
1779,3408
1779,327
1779,3409
1779,3410
1780,944
1781,944
1782,944
1783,944
1784,944
1785,944
1786,944
1787,3411
1787,3412
1787,3413
1787,3414
1787,3415
1787,3416
1788,944
1789,944
1790,944
1791,944
1792,944
1793,944
1794,944
1795,944
1796,3417
1796,3418
1796,3419
1796,3420
1796,3421
1796,3422
1796,3423
1796,3424
1796,3425
1796,3426
1796,3427
1796,3428
1796,3429
1796,3430
1796,3431
1797,944
1798,944
1799,944
1800,944
1801,3432
1802,3433
1802,3434
1802,3435
1802,3436
1802,3437
1802,3438
1802,3439
1802,3440
1803,944
1804,944
1805,944
1806,944
1807,944
1808,944
1809,944
1810,3441
1810,3442
1810,3443
1810,3444
1810,3445
1810,3446
1810,3447
1810,3448
1810,3449
1810,3450
1811,944
1812,944
1813,944
1814,944
1815,944
1816,944
1817,944
1818,944
1819,944
1820,944
1821,944
1822,944
1823,944
1824,944
1825,944
1826,944
1827,944
1828,944
1829,944
1830,944
1831,944
1832,944
1833,944
1834,944
1835,944
1836,944
1837,944
1838,944
1839,944
1840,944
1841,944
1842,944
1843,944
1844,944
1845,944
1846,944
1847,944
1848,944
1849,944
1850,944
1851,944
1852,944
1853,944
1854,944
1855,944
1856,944
1857,944
1858,944
1859,944
1860,3451
1860,3452
1861,3453
1861,3454
1861,3455
1862,944
1863,944
1864,944
1865,944
1866,944
1867,944
1868,944
1869,944
1870,944
1871,944
1872,944
1873,944
1874,944
1875,944
1876,944
1877,944
1878,944
1879,944
1880,944
1881,944
1882,944
1883,944
1884,944
1885,944
1886,944
1887,944
1888,944
1889,3456
1889,3457
1889,3458
1889,3459
1889,3460
1890,3461
1890,3462
1891,944
1893,3463
1893,3464
1893,3465
1893,3466
1893,3467
1893,3468
1893,3469
1894,3470
1895,944
1896,944
1897,944
1898,944
1899,944
1900,944
1901,944
1902,944
1903,944
1904,944
1905,944
1906,944
1907,944
1908,944
1909,944
1910,944
1911,944
1912,944
1913,944
1914,944
1915,944
1916,944
1917,944
1918,944
1919,944
1920,944
1921,944
1922,944
1923,944
1924,944
1925,944
1926,944
1927,944
1928,944
1929,944
1930,944
1931,944
1932,944
1933,944
1934,944
1935,944
1936,944
1937,944
1938,944
1939,944
1940,944
1941,944
1942,944
1943,944
1944,944
1945,944
1946,944
1947,944
1948,944
1949,944
1950,944
1951,944
1952,944
1953,944
1954,944
1955,944
1956,944
1957,944
1958,944
1959,944
1960,944
1961,944
1962,944
1963,944
1964,944
1965,944
1966,944
1967,944
1968,944
1969,944
1970,944
1971,944
1972,944
1973,944
1974,944
1975,944
1976,944
1977,944
1978,944
1979,944
1980,944
1981,944
1982,944
1983,944
1984,944
1985,944
1986,944
1987,944
1988,944
1989,944
1990,944
1991,944
1992,944
1993,944
1994,944
1995,944
1996,944
1997,944
1998,944
1999,944
2000,944
2001,944
2002,944
2003,944
2004,944
2005,944
2006,944
2007,944
2008,944
2009,944
2010,944
2011,944
2012,944
2013,944
2014,944
2015,944
2016,944
2017,944
2018,944
2019,944
2020,944
2021,944
2022,944
2023,944
2024,944
2025,944
2026,944
2027,944
2028,944
2029,944
2030,944
2031,944
2032,944
2033,944
2034,944
2035,944
2036,944
2037,944
2038,944
2039,944
2040,944
2041,944
2042,944
2043,944
2044,944
2045,944
2046,944
2047,944
2048,944
2049,944
2050,944
2051,944
2052,944
2053,944
2054,944
2055,944
2056,944
2057,944
2058,944
2059,944
2060,944
2061,944
2062,944
2062,3471
2063,944
2064,944
2065,944
2066,944
2067,944
2068,944
2069,944
2070,944
2071,3472
2072,3473
2073,3474
2074,3475
2074,3476
2077,3477
2077,3478
2077,3479
2077,3480
2078,3481
2079,3482
2079,3483
2079,3484
2079,3485
2079,3486
2079,3487
2079,3488
2079,3489
2079,3490
2080,3491
2080,3492
2081,944
2082,944
2087,3493
2089,3494
2095,944
2096,944
2103,3495
2104,3496
2107,3497
2107,3498
2108,3497
2108,3499
2108,3500
2108,3501
2108,3502
2108,3503
2108,3504
2109,3505
2110,3506
2111,3507
2112,3508
2113,3509
2113,3510
2114,3511
2114,3512
2115,3513
2115,3514
2116,3515
2116,3516
2118,944
2120,3517
2120,3518
2120,3519
2120,3520
2121,3521
2122,3522
2123,3523
2140,3524
2143,944
2144,3525
2144,3526
2144,3527
2144,3528
2144,3529
2144,3530
2144,3531
2145,944
2147,3532
2148,3533
2151,3534
2151,3535
2152,3536
2152,3535
